<?xml version="1.0" encoding="UTF-8" ?>

<!DOCTYPE sqlMapConfig      
    PUBLIC "-//ibatis.apache.org//DTD SQL Map Config 2.0//EN"      
    "http://ibatis.apache.org/dtd/sql-map-config-2.dtd">

<sqlMapConfig>
	<settings useStatementNamespaces="true" />
	<!-- Configure a built-in transaction manager. If you're using an app server, 
		you probably want to use its transaction manager and a managed datasource -->
	<transactionManager type="JDBC" commitRequired="false">
		<dataSource type="SIMPLE">
			<property name="JDBC.Driver" value="oracle.jdbc.OracleDriver" />
			<property name="JDBC.ConnectionURL" value="jdbc:oracle:thin:@localhost:1521:xe" />
			<property name="JDBC.Username" value="danceple" />
			<property name="JDBC.Password" value="danceple" />
		</dataSource>
	</transactionManager>
	
	<!-- info -->
	<sqlMap resource="ibatis/info-mapping.xml" />

	<!-- manage -->
	<sqlMap resource="ibatis/genreManage-mapping.xml" />
	<sqlMap resource="ibatis/gradeManage-mapping.xml" />
	<sqlMap resource="ibatis/teacherManage-mapping.xml" />
	<sqlMap resource="ibatis/teamManage-mapping.xml" />
	<sqlMap resource="ibatis/seasonManage-mapping.xml" />
	<sqlMap resource="ibatis/projectManage-mapping.xml" />
	
	<!-- apply -->
	<sqlMap resource="ibatis/apply-mapping.xml"/>
	
	<sqlMap resource="ibatis/userManage-mapping.xml" />

	<!-- List more here... <sqlMap resource="com/mydomain/data/Order.xml"/> 
		<sqlMap resource="com/mydomain/data/Documents.xml"/> -->

</sqlMapConfig>
