<?xml version="1.0" encoding="UTF-8" ?>

<!DOCTYPE sqlMapConfig      
    PUBLIC "-//ibatis.apache.org//DTD SQL Map Config 2.0//EN"      
    "http://ibatis.apache.org/dtd/sql-map-config-2.dtd">

<sqlMapConfig>
<settings useStatementNamespaces="true"/>
  <!-- Configure a built-in transaction manager.  If you're using an 
       app server, you probably want to use its transaction manager 
       and a managed datasource -->
  <transactionManager type="JDBC" commitRequired="false">
    <dataSource type="SIMPLE">
      <property name="JDBC.Driver" value="oracle.jdbc.OracleDriver"/>
      <property name="JDBC.ConnectionURL" value="jdbc:oracle:thin:@localhost:1521:xe"/>
      <property name="JDBC.Username" value="bigdata"/>
      <property name="JDBC.Password" value="bigdata"/>
    </dataSource>
  </transactionManager>

  <!-- List the SQL Map XML files. They can be loaded from the 
       classpath, as they are here (com.domain.data...) -->
  <sqlMap resource="ibatis/info-mapping.xml"/>
  
  <!-- List more here...
  <sqlMap resource="com/mydomain/data/Order.xml"/>
  <sqlMap resource="com/mydomain/data/Documents.xml"/>
  -->

</sqlMapConfig>
